{
  "sensor": "InvenSense_IMU",
  "time": [
    0,
    1,
    2,
    3,
    4,
    5,
    6,
    7,
    8,
    9,
    10,
    11,
    12,
    13,
    14,
    15,
    16,
    17,
    18,
    19,
    20,
    21,
    22,
    23,
    24,
    25,
    26,
    27,
    28,
    29,
    30,
    31,
    32,
    33,
    34,
    35,
    36,
    37,
    38,
    39,
    40,
    41,
    42,
    43,
    44,
    45,
    46,
    47,
    48,
    49,
    50,
    51,
    52,
    53,
    54,
    55,
    56,
    57,
    58,
    59,
    60,
    61,
    62,
    63,
    64,
    65,
    66,
    67,
    68,
    69,
    70,
    71,
    72,
    73,
    74,
    75,
    76,
    77,
    78,
    79,
    80,
    81,
    82,
    83,
    84,
    85,
    86,
    87,
    88,
    89,
    90,
    91,
    92,
    93,
    94,
    95,
    96,
    97,
    98,
    99
  ],
  "accel": [
    [
      0.43350579116761073,
      0.467614389450025,
      0.718594837510413
    ],
    [
      0.6492160970238532,
      -0.9192093455333148,
      -0.17313848220354605
    ],
    [
      -0.5074801956349163,
      -0.7445907581887057,
      0.5108464855422811
    ],
    [
      -0.5993885027811234,
      0.3152360887171356,
      0.5361534880427855
    ],
    [
      -0.452788466174843,
      0.22566610820465435,
      0.32613353716197485
    ],
    [
      -0.26685729237257183,
      -0.0840572561066866,
      -0.22354883628487573
    ],
    [
      0.38575352937865176,
      0.8246339714992088,
      0.34950635888960635
    ],
    [
      0.6106998408082732,
      0.7676020040135747,
      0.3723206739864113
    ],
    [
      -0.03780899770527073,
      -0.445773143218633,
      0.32793542003151827
    ],
    [
      0.7203423875868932,
      0.386273351856866,
      0.5287644369916791
    ],
    [
      0.4848084224957716,
      -0.40738903075601696,
      -0.28280322888705894
    ],
    [
      0.30208100601820287,
      -0.39761272680247545,
      -0.32351496563962007
    ],
    [
      0.7174853677668644,
      0.6337466072185167,
      0.09113182623684035
    ],
    [
      -0.2216903259316397,
      -0.6494796860367191,
      -1.1353817420925836
    ],
    [
      -0.30920622265794,
      0.33416341758050144,
      -0.6901705555488803
    ],
    [
      0.2533393770590865,
      -0.5463136901761321,
      0.04157594583544246
    ],
    [
      -0.5762732409108667,
      -0.3265788873654692,
      -0.39742317903796104
    ],
    [
      0.07280254267283612,
      0.5031482509597256,
      -0.6683697796280503
    ],
    [
      1.3088791280869967,
      -0.0258602945737037,
      -0.3393982265414227
    ],
    [
      -0.6688653409536958,
      -0.8762748362383037,
      -0.8913894509453656
    ],
    [
      -0.38616902991295576,
      -0.02021689735280737,
      -0.24742004903217585
    ],
    [
      0.5217082718248487,
      -0.3353501062553046,
      -0.33137087791766145
    ],
    [
      -0.08840534848914239,
      -0.11173631559169948,
      -0.5978321563065877
    ],
    [
      0.2731383495689419,
      0.3342949509804153,
      0.10981795166928553
    ],
    [
      -0.4179328138352218,
      0.04951525078434608,
      -0.004542384751296171
    ],
    [
      -0.3055458488300645,
      0.4490071653411141,
      0.34334199911350877
    ],
    [
      0.08926517382918653,
      0.44891171471930663,
      -0.22199025180294724
    ],
    [
      -0.05404079528783466,
      -0.19648182003080594,
      1.253697914824315
    ],
    [
      -0.8093044385908038,
      0.35581280182493247,
      0.05661188260397789
    ],
    [
      0.8217574758889445,
      -0.32075523901599146,
      1.0695844033203075
    ],
    [
      -1.068572400751926,
      0.27369088408137127,
      0.6540657284566366
    ],
    [
      -0.5815974578124289,
      0.6685920650541577,
      0.2553782001548909
    ],
    [
      0.09389117835021066,
      0.44582615252143487,
      0.5778120567722672
    ],
    [
      -0.6348678792322939,
      0.7996854820660358,
      -0.3761190945382603
    ],
    [
      -0.32763640519103115,
      0.2959436624196568,
      -0.38466040516226135
    ],
    [
      -0.5436444528971018,
      -0.42002132401205966,
      0.1503773255330692
    ],
    [
      0.2685248408069994,
      -0.2571597161515554,
      -0.35758149583378973
    ],
    [
      -0.38641804754289555,
      0.9313687098889463,
      0.0444058620854866
    ],
    [
      0.1611279928200492,
      -0.09068353690936047,
      -0.06006207940475101
    ],
    [
      1.2096274066400177,
      0.41575164816663507,
      0.2538953945644826
    ],
    [
      1.2223488078497378,
      -0.1809284807085315,
      0.5150611951559904
    ],
    [
      -0.16451747711526496,
      -0.33253229725187916,
      0.006613017620403751
    ],
    [
      -0.3250357020725707,
      -0.5805427662627168,
      -0.6976937213675303
    ],
    [
      0.6030896046773495,
      -0.13209510190014595,
      -0.5025227938544451
    ],
    [
      0.8420188411650024,
      0.40772027951906015,
      0.8639553775768428
    ],
    [
      0.2676483083383834,
      -0.026743598449278684,
      -0.7824360771083065
    ],
    [
      1.0082305799007434,
      0.6458432399857892,
      -0.02768569974144133
    ],
    [
      -0.7110452510020424,
      0.39671444759635505,
      -0.4677466919833534
    ],
    [
      0.017880594891538322,
      0.025184105219907178,
      0.2793064094917449
    ],
    [
      0.3557526166422175,
      0.44463035973418774,
      -0.15515484482052588
    ],
    [
      -0.5518145690521955,
      -0.3126377959813604,
      -0.2371517555772562
    ],
    [
      -0.42330201749538965,
      0.3649757512200835,
      0.3841795464689983
    ],
    [
      0.33461681068671734,
      0.13368690558250293,
      -0.5046490107090035
    ],
    [
      0.054459426801709176,
      0.8466561656944743,
      -0.19051835177549248
    ],
    [
      0.14186024796009383,
      0.060240319881953976,
      -0.3872589411260161
    ],
    [
      -0.7015726337943669,
      0.42994137925004083,
      0.4765162449704879
    ],
    [
      0.19021319051340665,
      0.3852000839647321,
      -0.006195741546307552
    ],
    [
      0.2569905540219181,
      0.728707137393006,
      0.0044134038032818
    ],
    [
      -0.45324305036117307,
      0.34752912112015294,
      -0.4190306703169269
    ],
    [
      -0.5327849441181958,
      -1.1450878173992776,
      -0.4187032895539253
    ],
    [
      -0.08526727337677065,
      -0.15966604948194962,
      0.18680297718522465
    ],
    [
      -0.36749430746976575,
      0.009598690734036205,
      0.587169295122845
    ],
    [
      -0.9890900382707565,
      -0.09324480174475595,
      -0.03376116308756956
    ],
    [
      -0.7147975357097606,
      0.5857057997451267,
      0.8742398524707109
    ],
    [
      0.8023191434501618,
      -0.6917555116429506,
      0.1579454726653755
    ],
    [
      -0.33195798257971687,
      0.1446268427255878,
      -0.027448101087990163
    ],
    [
      0.5150042258802946,
      -0.06885430197172544,
      1.8442542868414902
    ],
    [
      0.6899385526329654,
      -0.49317800137557416,
      -0.12949953881674925
    ],
    [
      1.3790059396048329,
      0.9037235899545799,
      0.24203912838838465
    ],
    [
      0.42790236418938177,
      0.6462655969239783,
      -0.8639057639786237
    ],
    [
      0.07294335285257161,
      0.05738674672137861,
      -0.25223209045306844
    ],
    [
      -0.8186615103811193,
      -0.1263654948110587,
      -0.2187303942413783
    ],
    [
      0.2955755686166253,
      0.8562404122115032,
      0.10287832941628189
    ],
    [
      -0.49088369239893503,
      0.8782258650910053,
      -0.37751609720863255
    ],
    [
      -0.3546788326564735,
      -0.18329843557100933,
      -0.0473284152376382
    ],
    [
      0.03297387180178731,
      0.43321546873037114,
      0.26170525454893495
    ],
    [
      -0.5679877319686369,
      0.35087862029555933,
      0.24426929526476468
    ],
    [
